{
	"alerts":	{
		"north_entry":	1,
		"east_entry":	1,
		"west_entry":	1,
		"south_entry":	1
	},
	"emergency":	{
		"last_keepalived":	"Wed Mar 07 12:27:29 2012",
		"last_event":	"Server failure/Server shutdown"
	},
	"supplies":	{
		"medicine":	{
			"antibiotics":	1,
			"analgesics":	100,
			"bandages":	100,
			"tafirol_plus":	10,
			"tafirol":	1000,
			"tafirol_capsula":	100
		},
		"food":	{
			"vegetables":	200,
			"fruits":	150,
			"milk":	10,
			"fuit":	100,
			"egg":	100,
			"burguer":	10,
			"sanguche":	99,
			"meat":	80,
			"burguers":	100,
			"NOMBRE":	123
		}
	}
}